{"train_loss": 0.3399233162403107, "_timestamp": 1662713187, "_runtime": 165, "_step": 200, "val_loss": 0.540958046913147, "val_mIoU": 0.3145585560059299, "class_IoU": {"0": 0.7543609560238057, "1": 0.00010751051420895148, "2": 0.46980962106535684, "3": 0.16617048873277154, "4": 0.8748723487087601, "5": 0.3691247337083918, "6": 0.7695182407903476, "7": 0.7172791937787047, "8": 0.0, "9": 0.25449836659188413, "10": 0.8435784841868346, "11": 0.0, "12": 0.10190923175066072, "13": 0.0, "14": 0.0, "15": 0.016653666739813888, "16": 0.009612609509268137}, "_wandb": {"runtime": 172}}