{"train_loss": 0.6560236632823944, "_timestamp": 1663063684, "_runtime": 220, "_step": 180, "val_loss": 11.174636840820312, "val_mIoU": 0.03487352821654294, "class_IoU": {"0": 0.0011043740313982882, "1": 0.0, "2": 0.0, "3": 0.0, "4": 0.000234276533093971, "5": 0.019470619765298687, "6": 0.0005368502016834245, "7": 0.0030265051031878065, "8": 0.0006953021138900685, "9": 0.0, "10": 0.6357046669603765, "11": 0.0018244414053871878, "12": 0.0, "13": 0.0, "14": 0.0, "15": 0.0, "16": 0.0, "17": 0.0, "18": 0.0}, "_wandb": {"runtime": 223}}