{"train_loss": 0.3401028662919998, "_timestamp": 1663065744, "_runtime": 263, "_step": 370, "val_loss": 0.4695254862308502, "val_mIoU": 0.37761000776698506, "class_IoU": {"0": 0.7906899246967415, "1": 0.20548438166855193, "2": 0.570679881546785, "3": 0.27573830911517855, "4": 0.8713926305097136, "5": 0.3870845393710256, "6": 0.8225763870773232, "7": 0.7392277479350777, "8": 0.02863118586253256, "9": 0.3404536102296781, "10": 0.8191216652819077, "11": 0.0, "12": 0.0, "13": 0.0, "14": 0.0, "15": 0.20257686312693585, "16": 0.36571300561729425}, "_wandb": {"runtime": 309}}