{"train_loss": 0.0696241308003664, "_timestamp": 1662651208, "_runtime": 25879, "_step": 30000, "val_loss": 0.16527576697990298, "val_mIoU": 0.720414058091384, "class_IoU": {"0": 0.9741831632488612, "1": 0.8026127924308882, "2": 0.9056528333142841, "3": 0.5686660444895268, "4": 0.5166218263100847, "5": 0.5284951790633609, "6": 0.5650307135202527, "7": 0.6829311434871165, "8": 0.9010962590084073, "9": 0.602713790398995, "10": 0.9390017986838627, "11": 0.7267044744584418, "12": 0.5366676347091638, "13": 0.9225390352272644, "14": 0.7571915512837839, "15": 0.8296210075035779, "16": 0.7440234027581822, "17": 0.5153299820135591, "18": 0.6687844718266821}, "_wandb": {"runtime": 25877}}