{"train_loss": 0.07497848905622959, "_timestamp": 1662738998, "_runtime": 25731, "_step": 30000, "val_loss": 0.26190948486328125, "val_mIoU": 0.6226301185126175, "class_IoU": {"0": 0.9033899619507417, "1": 0.5228740401370883, "2": 0.732602460421347, "3": 0.5271888902771675, "4": 0.9372524118162491, "5": 0.7310906134677038, "6": 0.9001369426957013, "7": 0.9017113263229964, "8": 0.575860685661014, "9": 0.6759481634379868, "10": 0.9356454884978442, "11": 0.16834038567402576, "12": 0.4829284572908028, "13": 0.11586016263892553, "14": 0.3312560856864654, "15": 0.5609401600723363, "16": 0.5816857786661024}, "_wandb": {"runtime": 25730}}