{"train_loss": 0.20846276879310607, "_timestamp": 1663213630, "_runtime": 3749, "_step": 4300, "val_loss": 0.42737141251564026, "val_mIoU": 0.48587755487925893, "class_IoU": {"0": 0.885011089488088, "1": 0.4712309657428441, "2": 0.8115748053936415, "3": 0.4846781044051434, "4": 0.4795361172607123, "5": 0.2659425228583597, "6": 0.26321528813357514, "7": 0.4937648592482123, "8": 0.5439383280624347, "9": 0.18265960921614574, "10": 0.8629397799604661, "11": 0.5010091635113195, "12": 0.18923307590030836, "13": 0.8065334825386391, "14": 0.5664153878278554, "15": 0.6732299715891902, "16": 0.497262714818784, "17": 0.0, "18": 0.2534982767502005}, "_wandb": {"runtime": 3783}}