{"train_loss": 0.6978412598371506, "_timestamp": 1663062874, "_runtime": 136, "_step": 190, "val_loss": 6.949497222900391, "val_mIoU": 0.03901588537512913, "class_IoU": {"0": 0.01710979612190843, "1": 0.00046057989147752816, "2": 0.07457568576314537, "3": 0.0, "4": 0.000677126033024322, "5": 0.02738588369246774, "6": 0.0014740915109926816, "7": 0.0022793538928560313, "8": 0.008164025961999713, "9": 0.0, "10": 0.4624875289555036, "11": 0.10425630827871067, "12": 0.0, "13": 0.04243144202536731, "14": 0.0, "15": 0.0, "16": 0.0, "17": 0.0, "18": 0.0}, "_wandb": {"runtime": 134}}