{"train_loss": 0.059289480373263356, "_timestamp": 1663168412, "_runtime": 42676, "_step": 30000, "val_loss": 0.14242324233055115, "val_mIoU": 0.7711107541265377, "class_IoU": {"0": 0.9798487653658488, "1": 0.8402285892863237, "2": 0.9230371707704861, "3": 0.5250123864770488, "4": 0.5841766256720072, "5": 0.6357293290615683, "6": 0.6957529752808221, "7": 0.7808631271140836, "8": 0.9226511066875417, "9": 0.6364586566326494, "10": 0.9511552193415226, "11": 0.8142399133608922, "12": 0.6211436793566678, "13": 0.9480945412506034, "14": 0.8093208942506883, "15": 0.847862365992761, "16": 0.7038697664653453, "17": 0.664829627499266, "18": 0.7668295885380905}, "_wandb": {"runtime": 42673}}