{"train_loss": 0.04692609645426273, "_timestamp": 1663250441, "_runtime": 35996, "_step": 40000, "val_loss": 0.5454906821250916, "val_mIoU": 0.5709413686679446, "class_IoU": {"0": 0.8327281883460671, "1": 0.5132221733534474, "2": 0.4981891547486889, "3": 0.3568936332159746, "4": 0.9033649547720882, "5": 0.4856073398740538, "6": 0.5999611841479505, "7": 0.7973846424186514, "8": 0.5433650834881619, "9": 0.5057772626446314, "10": 0.8743448519036587, "11": NaN, "12": NaN, "13": NaN, "14": NaN, "15": 0.2777257894231692, "16": 0.23367353434673677}, "_wandb": {"runtime": 35995}}