{"train_loss": 0.09273120537400245, "_timestamp": 1663118064, "_runtime": 29668, "_step": 30000, "val_loss": 0.26357075572013855, "val_mIoU": 0.6234234777845198, "class_IoU": {"0": 0.9048902614346226, "1": 0.5307098811082934, "2": 0.7400369802499931, "3": 0.5289802899699063, "4": 0.9418061070323952, "5": 0.6938334225704528, "6": 0.9023405755754498, "7": 0.9045962865185088, "8": 0.5627295314172407, "9": 0.6769877879341865, "10": 0.9380830870011143, "11": 0.07962928660894514, "12": 0.5312530388650581, "13": 0.14491119431344576, "14": 0.39154904413078434, "15": 0.5598983919199425, "16": 0.5659639556864967}, "_wandb": {"runtime": 29667}}