{"train_loss": 0.256519190967083, "_timestamp": 1662712876, "_runtime": 949, "_step": 1100, "val_loss": 0.35771724581718445, "val_mIoU": 0.46066650189692504, "class_IoU": {"0": 0.8144053316469672, "1": 0.2926292626134455, "2": 0.5967372507908725, "3": 0.2825827591912792, "4": 0.9192296399358542, "5": 0.6027302237895669, "6": 0.8023302905626655, "7": 0.830408032671728, "8": 0.2694599351818061, "9": 0.4779982306701896, "10": 0.9086081279775332, "11": 0.0023388334990319263, "12": 0.2521162021143431, "13": 0.0, "14": 0.0, "15": 0.31425577770651714, "16": 0.46550063389592594}, "_wandb": {"runtime": 953}}