{"train_loss": 0.40570728331804273, "_timestamp": 1662027735, "_runtime": 571, "_step": 1100, "val_loss": 0.5141681842505932, "val_mIoU": 0.31503831921736825, "class_IoU": {"0": 0.9076418157804131, "1": 0.46302393138914044, "2": 0.756627376555331, "3": 0.0002910679634766253, "4": 8.349052063518738e-05, "5": 0.22988250200178714, "6": 0.0, "7": 0.3373770100584891, "8": 0.7967257692837952, "9": 0.32087987057675926, "10": 0.6978262031900875, "11": 0.37273475741400736, "12": 0.0, "13": 0.7019744335936812, "14": 0.0, "15": 0.0, "16": 0.0, "17": 0.0, "18": 0.40065983680239403}, "_wandb": {"runtime": 595}}