{"train_loss": 0.29759822934865954, "_timestamp": 1663077944, "_runtime": 306, "_step": 370, "val_loss": 0.4199428856372833, "val_mIoU": 0.38276610051807347, "class_IoU": {"0": 0.8093905523219311, "1": 0.1970457438430381, "2": 0.5645248159969354, "3": 0.27829937448399583, "4": 0.8901312340717734, "5": 0.4736037263722197, "6": 0.8132753585179312, "7": 0.8056241121896515, "8": 0.02131643915831227, "9": 0.36642471310641384, "10": 0.8428254299817722, "11": 2.1429065827733028e-06, "12": 0.0, "13": 0.0, "14": 0.0, "15": 0.18771450070659057, "16": 0.2568455651501001}, "_wandb": {"runtime": 8232}}