{"train_loss": 0.31280395984649656, "_timestamp": 1663064349, "_runtime": 546, "_step": 370, "val_loss": 0.44521594047546387, "val_mIoU": 0.39318521116150795, "class_IoU": {"0": 0.7940264218951457, "1": 0.16986758197467958, "2": 0.5803517536488159, "3": 0.2973823441733675, "4": 0.9022757506745298, "5": 0.49085198835861277, "6": 0.7808958571408716, "7": 0.8132021346665691, "8": 0.04139574262078966, "9": 0.3524227170966004, "10": 0.8759642359176235, "11": 0.0, "12": 0.0, "13": 0.0, "14": 0.0, "15": 0.20330378743091887, "16": 0.3822082741471106}, "_wandb": {"runtime": 545}}