{"train_loss": 0.08271523788571358, "_timestamp": 1663118354, "_runtime": 29752, "_step": 30000, "val_loss": 0.15966300666332245, "val_mIoU": 0.7192030816853291, "class_IoU": {"0": 0.9756323845297437, "1": 0.8091241185753381, "2": 0.9050143072661612, "3": 0.5584574198339408, "4": 0.5251268878980667, "5": 0.5303097595678177, "6": 0.5680406937284292, "7": 0.6828597436065532, "8": 0.902823972232697, "9": 0.5915987877668848, "10": 0.9401106772237108, "11": 0.7320629301363752, "12": 0.5416793512637014, "13": 0.9257182563190839, "14": 0.7604817909061151, "15": 0.8222341644014616, "16": 0.6946043932608232, "17": 0.5148355980578854, "18": 0.684143315446462}, "_wandb": {"runtime": 29753}}