{"train_loss": 0.09777985066175461, "_timestamp": 1663111605, "_runtime": 25045, "_step": 30000, "val_loss": 0.2506212294101715, "val_mIoU": 0.6231914871581781, "class_IoU": {"0": 0.9016366633123961, "1": 0.5153182544828191, "2": 0.7320290778285241, "3": 0.526186113741528, "4": 0.9354531771626469, "5": 0.7124510942817456, "6": 0.9019362397874486, "7": 0.9017094774704176, "8": 0.5466383671872732, "9": 0.6575941338196166, "10": 0.9386237495702288, "11": 0.08218166262699887, "12": 0.4894577995399, "13": 0.21475466975984092, "14": 0.44887654632668517, "15": 0.5312944010056745, "16": 0.558113853785284}, "_wandb": {"runtime": 25043}}