{"train_loss": 0.09884215518832207, "_timestamp": 1663242995, "_runtime": 28845, "_step": 29990, "val_loss": 0.45584115386009216, "val_mIoU": 0.49065939597579467, "class_IoU": {"0": 0.8313277280098136, "1": 0.5000847697119856, "2": 0.49766029440526227, "3": 0.3530411298236026, "4": 0.9012049051382155, "5": 0.48716616381915123, "6": 0.5946770763918366, "7": 0.7913100569917095, "8": 0.545018637816407, "9": 0.49759422315536, "10": 0.8706171823413191, "11": 0.0, "12": NaN, "13": 0.0, "14": NaN, "15": 0.2624884175760236, "16": 0.22770035445623438}, "_wandb": {"runtime": 28852}}