{"train_loss": 0.332541911303997, "_timestamp": 1663066073, "_runtime": 262, "_step": 370, "val_loss": 0.4377534091472626, "val_mIoU": 0.38381701932783435, "class_IoU": {"0": 0.7917666670201217, "1": 0.16275796732596548, "2": 0.5516372892138229, "3": 0.24411855674549338, "4": 0.8943705502659826, "5": 0.49383542591378127, "6": 0.8183334142187925, "7": 0.7893999815855433, "8": 0.056893576871172795, "9": 0.31544758330615813, "10": 0.838111536261052, "11": 0.0007117225135581432, "12": 0.0, "13": 0.0, "14": 0.0, "15": 0.20781168258075852, "16": 0.359693374750981}, "_wandb": {"runtime": 11746}}