{"train_loss": 0.3133681818842888, "_timestamp": 1662710867, "_runtime": 347, "_step": 580, "val_loss": 0.40685153007507324, "val_mIoU": 0.3907535393938338, "class_IoU": {"0": 0.9217988816933949, "1": 0.5045102196931721, "2": 0.7864364367196641, "3": 0.0008243071894336426, "4": 0.20703079256362872, "5": 0.2682118971203897, "6": 0.2522673126110549, "7": 0.3981201930037614, "8": 0.8267362858104005, "9": 0.39707281456340987, "10": 0.7646158495679605, "11": 0.49874376231796297, "12": 0.033682857949166485, "13": 0.7736331669900653, "14": 0.006678203700639211, "15": 0.2851641034061263, "16": 0.006327479338842975, "17": 0.0041574930480815986, "18": 0.48830519119568594}, "_wandb": {"runtime": 344}}