{"train_loss": 0.23378759026527404, "_timestamp": 1663086434, "_runtime": 480, "_step": 580, "val_loss": 0.3863854706287384, "val_mIoU": 0.4019598837220521, "class_IoU": {"0": 0.8047953390704314, "1": 0.1704250439739051, "2": 0.5883257789913529, "3": 0.28866233352456316, "4": 0.9013224760992304, "5": 0.5391401623613207, "6": 0.7988942530905777, "7": 0.810028332774775, "8": 0.12423450047021092, "9": 0.4288274307583321, "10": 0.8849806294856806, "11": 0.0008218395366794711, "12": 0.08429684714511282, "13": 0.0, "14": 0.0, "15": 0.22969548691511207, "16": 0.17886756907760049}, "_wandb": {"runtime": 481}}