{"train_loss": 0.05413018576800823, "_timestamp": 1663245444, "_runtime": 31185, "_step": 40000, "val_loss": 0.5494719743728638, "val_mIoU": 0.5283107948912859, "class_IoU": {"0": 0.9043162018047465, "1": 0.49330080725938774, "2": 0.8323058026020405, "3": 0.5425114539074931, "4": 0.5165960141777213, "5": 0.358756378493502, "6": 0.28117875233408646, "7": 0.5077274889049336, "8": 0.6012720482590317, "9": 0.24291308979861848, "10": 0.8727763230266203, "11": 0.5136643137942313, "12": 0.1602017822209487, "13": 0.798427346876769, "14": 0.5681983358876442, "15": 0.6896442995764018, "16": 0.4705015953619723, "17": 0.29314024263661803, "18": 0.3904728260116648}, "_wandb": {"runtime": 31186}}