{"train_loss": 0.06663152575492859, "_timestamp": 1663175685, "_runtime": 42665, "_step": 30000, "val_loss": 0.24811282753944397, "val_mIoU": 0.6539292964267324, "class_IoU": {"0": 0.9200002483044298, "1": 0.5792305891429833, "2": 0.8263142045257447, "3": 0.6322804198024552, "4": 0.9484660131396762, "5": 0.759911830078984, "6": 0.9220790337550746, "7": 0.9344398691596274, "8": 0.48805663158089063, "9": 0.7758737199228656, "10": 0.9496077980966948, "11": 0.11278232278736147, "12": 0.5034038114626059, "13": 0.10002509984242051, "14": 0.4133417038690476, "15": 0.6898062216590521, "16": 0.5611785221245368}, "_wandb": {"runtime": 42665}}