{"train_loss": 0.15153060108423233, "_timestamp": 1662042617, "_runtime": 14397, "_step": 30000, "val_loss": 0.18607088644057512, "val_mIoU": 0.6702425620775032, "class_IoU": {"0": 0.9672978012697027, "1": 0.7593150647773653, "2": 0.8856008729421102, "3": 0.5432384726441182, "4": 0.4921749476648969, "5": 0.4505397318869491, "6": 0.4631428535839293, "7": 0.5784898046313476, "8": 0.889589268986412, "9": 0.5696399248408952, "10": 0.9202602045512784, "11": 0.6807275714988978, "12": 0.4709142241247649, "13": 0.9015330881272734, "14": 0.7499829382161209, "15": 0.7076335664335665, "16": 0.6069825383418065, "17": 0.46672001097368604, "18": 0.6308257939774401}, "_wandb": {"runtime": 14398}}