{"train_loss": 0.16156922057271003, "_timestamp": 1662050856, "_runtime": 21100, "_step": 30000, "val_loss": 0.4246930778026581, "val_mIoU": 0.5182213303932341, "class_IoU": {"0": 0.8928412636069301, "1": 0.5058769111069201, "2": 0.8247918329138606, "3": 0.5275879041070073, "4": 0.5371595202748172, "5": 0.3043492114593265, "6": 0.28059170398702127, "7": 0.5290421737665472, "8": 0.5951524666360514, "9": 0.19839896981328142, "10": 0.877772634913613, "11": 0.5187471631087236, "12": 0.26350717330107515, "13": 0.8211288435527923, "14": 0.6170202350674021, "15": 0.7138637848031986, "16": 0.5040316479917409, "17": 0.0, "18": 0.3343418370611409}, "_wandb": {"runtime": 21100}}